{
	"IcoMoonType": "selection",
	"icons": [
		{
			"icon": {
				"paths": [
					"M658.286 475.429q0-105.714-75.143-180.857t-180.857-75.143-180.857 75.143-75.143 180.857 75.143 180.857 180.857 75.143 180.857-75.143 75.143-180.857zM950.857 950.857q0 29.714-21.714 51.429t-51.429 21.714q-30.857 0-51.429-21.714l-196-195.429q-102.286 70.857-228 70.857-81.714 0-156.286-31.714t-128.571-85.714-85.714-128.571-31.714-156.286 31.714-156.286 85.714-128.571 128.571-85.714 156.286-31.714 156.286 31.714 128.571 85.714 85.714 128.571 31.714 156.286q0 125.714-70.857 228l196 196q21.143 21.143 21.143 51.429z"
				],
				"width": 950.8563512165565,
				"attrs": [],
				"isMulticolor": false,
				"tags": [
					"search"
				],
				"defaultCode": 61442,
				"grid": 14
			},
			"attrs": [],
			"properties": {
				"id": 2,
				"order": 12,
				"name": "search",
				"prevSize": 28,
				"code": 61442
			},
			"setIdx": 0,
			"setId": 0,
			"iconIdx": 2
		},
		{
			"icon": {
				"paths": [
					"M741.714 755.429q0 22.857-16 38.857l-77.714 77.714q-16 16-38.857 16t-38.857-16l-168-168-168 168q-16 16-38.857 16t-38.857-16l-77.714-77.714q-16-16-16-38.857t16-38.857l168-168-168-168q-16-16-16-38.857t16-38.857l77.714-77.714q16-16 38.857-16t38.857 16l168 168 168-168q16-16 38.857-16t38.857 16l77.714 77.714q16 16 16 38.857t-16 38.857l-168 168 168 168q16 16 16 38.857z"
				],
				"width": 804.5720672607422,
				"attrs": [],
				"isMulticolor": false,
				"tags": [
					"close",
					"remove",
					"times"
				],
				"defaultCode": 61453,
				"grid": 14
			},
			"attrs": [],
			"properties": {
				"id": 13,
				"order": 2,
				"name": "close, remove, times",
				"prevSize": 28,
				"code": 61453
			},
			"setIdx": 0,
			"setId": 0,
			"iconIdx": 13
		},
		{
			"icon": {
				"paths": [
					"M804.571 531.429v181.714q0 68-48.286 116.286t-116.286 48.286h-475.429q-68 0-116.286-48.286t-48.286-116.286v-475.429q0-68 48.286-116.286t116.286-48.286h475.429q36 0 66.857 14.286 8.571 4 10.286 13.143 1.714 9.714-5.143 16.571l-28 28q-5.714 5.714-13.143 5.714-1.714 0-5.143-1.143-13.143-3.429-25.714-3.429h-475.429q-37.714 0-64.571 26.857t-26.857 64.571v475.429q0 37.714 26.857 64.571t64.571 26.857h475.429q37.714 0 64.571-26.857t26.857-64.571v-145.143q0-7.429 5.143-12.571l36.571-36.571q5.714-5.714 13.143-5.714 3.429 0 6.857 1.714 11.429 4.571 11.429 16.571zM936.571 252l-465.143 465.143q-13.714 13.714-32.571 13.714t-32.571-13.714l-245.714-245.714q-13.714-13.714-13.714-32.571t13.714-32.571l62.857-62.857q13.714-13.714 32.571-13.714t32.571 13.714l150.286 150.286 369.714-369.714q13.714-13.714 32.571-13.714t32.571 13.714l62.857 62.857q13.714 13.714 13.714 32.571t-13.714 32.571z"
				],
				"width": 950.2818934121169,
				"attrs": [],
				"isMulticolor": false,
				"tags": [
					"check-square-o"
				],
				"defaultCode": 61510,
				"grid": 14
			},
			"attrs": [],
			"properties": {
				"id": 66,
				"order": 3,
				"name": "check-square-o",
				"prevSize": 28,
				"code": 61510
			},
			"setIdx": 0,
			"setId": 0,
			"iconIdx": 66
		},
		{
			"icon": {
				"paths": [
					"M790.857 529.714l-758.857 421.714q-13.143 7.429-22.571 1.714t-9.429-20.571v-841.143q0-14.857 9.429-20.571t22.571 1.714l758.857 421.714q13.143 7.429 13.143 17.714t-13.143 17.714z"
				],
				"width": 804.0000019073486,
				"attrs": [],
				"isMulticolor": false,
				"tags": [
					"play"
				],
				"defaultCode": 61515,
				"grid": 14
			},
			"attrs": [],
			"properties": {
				"id": 71,
				"order": 13,
				"name": "play",
				"prevSize": 28,
				"code": 61515
			},
			"setIdx": 0,
			"setId": 0,
			"iconIdx": 71
		},
		{
			"icon": {
				"paths": [
					"M669.143 172l-303.429 303.429 303.429 303.429q10.857 10.857 10.857 25.714t-10.857 25.714l-94.857 94.857q-10.857 10.857-25.714 10.857t-25.714-10.857l-424-424q-10.857-10.857-10.857-25.714t10.857-25.714l424-424q10.857-10.857 25.714-10.857t25.714 10.857l94.857 94.857q10.857 10.857 10.857 25.714t-10.857 25.714z"
				],
				"width": 768.0010223388672,
				"attrs": [],
				"isMulticolor": false,
				"tags": [
					"chevron-left"
				],
				"defaultCode": 61523,
				"grid": 14
			},
			"attrs": [],
			"properties": {
				"id": 78,
				"order": 5,
				"name": "chevron-left",
				"prevSize": 28,
				"code": 61523
			},
			"setIdx": 0,
			"setId": 0,
			"iconIdx": 78
		},
		{
			"icon": {
				"paths": [
					"M632.571 501.143l-424 424q-10.857 10.857-25.714 10.857t-25.714-10.857l-94.857-94.857q-10.857-10.857-10.857-25.714t10.857-25.714l303.429-303.429-303.429-303.429q-10.857-10.857-10.857-25.714t10.857-25.714l94.857-94.857q10.857-10.857 25.714-10.857t25.714 10.857l424 424q10.857 10.857 10.857 25.714t-10.857 25.714z"
				],
				"width": 694.8569641113281,
				"attrs": [],
				"isMulticolor": false,
				"tags": [
					"chevron-right"
				],
				"defaultCode": 61524,
				"grid": 14
			},
			"attrs": [],
			"properties": {
				"id": 79,
				"order": 6,
				"name": "chevron-right",
				"prevSize": 28,
				"code": 61524
			},
			"setIdx": 0,
			"setId": 0,
			"iconIdx": 79
		},
		{
			"icon": {
				"paths": [
					"M585.143 786.286v-91.429q0-8-5.143-13.143t-13.143-5.143h-54.857v-292.571q0-8-5.143-13.143t-13.143-5.143h-182.857q-8 0-13.143 5.143t-5.143 13.143v91.429q0 8 5.143 13.143t13.143 5.143h54.857v182.857h-54.857q-8 0-13.143 5.143t-5.143 13.143v91.429q0 8 5.143 13.143t13.143 5.143h256q8 0 13.143-5.143t5.143-13.143zM512 274.286v-91.429q0-8-5.143-13.143t-13.143-5.143h-109.714q-8 0-13.143 5.143t-5.143 13.143v91.429q0 8 5.143 13.143t13.143 5.143h109.714q8 0 13.143-5.143t5.143-13.143zM877.714 512q0 119.429-58.857 220.286t-159.714 159.714-220.286 58.857-220.286-58.857-159.714-159.714-58.857-220.286 58.857-220.286 159.714-159.714 220.286-58.857 220.286 58.857 159.714 159.714 58.857 220.286z"
				],
				"width": 877.7140070597306,
				"attrs": [],
				"isMulticolor": false,
				"tags": [
					"info-circle"
				],
				"defaultCode": 61530,
				"grid": 14
			},
			"attrs": [],
			"properties": {
				"id": 85,
				"order": 4,
				"name": "info-circle",
				"prevSize": 28,
				"code": 61530
			},
			"setIdx": 0,
			"setId": 0,
			"iconIdx": 85
		},
		{
			"icon": {
				"paths": [
					"M961.714 760.571l-94.857 94.286q-10.857 10.857-25.714 10.857t-25.714-10.857l-303.429-303.429-303.429 303.429q-10.857 10.857-25.714 10.857t-25.714-10.857l-94.857-94.286q-10.857-10.857-10.857-26t10.857-26l424-423.429q10.857-10.857 25.714-10.857t25.714 10.857l424 423.429q10.857 10.857 10.857 26t-10.857 26z"
				],
				"width": 1023.9999694824219,
				"attrs": [],
				"isMulticolor": false,
				"tags": [
					"chevron-up"
				],
				"defaultCode": 61559,
				"grid": 14
			},
			"attrs": [],
			"properties": {
				"id": 112,
				"order": 7,
				"name": "chevron-up",
				"prevSize": 28,
				"code": 61559
			},
			"setIdx": 0,
			"setId": 0,
			"iconIdx": 112
		},
		{
			"icon": {
				"paths": [
					"M961.714 461.714l-424 423.429q-10.857 10.857-25.714 10.857t-25.714-10.857l-424-423.429q-10.857-10.857-10.857-26t10.857-26l94.857-94.286q10.857-10.857 25.714-10.857t25.714 10.857l303.429 303.429 303.429-303.429q10.857-10.857 25.714-10.857t25.714 10.857l94.857 94.286q10.857 10.857 10.857 26t-10.857 26z"
				],
				"width": 1023.9999847412109,
				"attrs": [],
				"isMulticolor": false,
				"tags": [
					"chevron-down"
				],
				"defaultCode": 61560,
				"grid": 14
			},
			"attrs": [],
			"properties": {
				"id": 113,
				"order": 8,
				"name": "chevron-down",
				"prevSize": 28,
				"code": 61560
			},
			"setIdx": 0,
			"setId": 0,
			"iconIdx": 113
		},
		{
			"icon": {
				"paths": [
					"M640 146.286h-475.429q-37.714 0-64.571 26.857t-26.857 64.571v475.429q0 37.714 26.857 64.571t64.571 26.857h475.429q37.714 0 64.571-26.857t26.857-64.571v-475.429q0-37.714-26.857-64.571t-64.571-26.857zM804.571 237.714v475.429q0 68-48.286 116.286t-116.286 48.286h-475.429q-68 0-116.286-48.286t-48.286-116.286v-475.429q0-68 48.286-116.286t116.286-48.286h475.429q68 0 116.286 48.286t48.286 116.286z"
				],
				"width": 804.5689417519607,
				"attrs": [],